,ds,trend,trend_lower,trend_upper,yhat_lower,yhat_upper,Searches,Searches_lower,Searches_upper,additive_terms,additive_terms_lower,additive_terms_upper,extra_regressors_additive,extra_regressors_additive_lower,extra_regressors_additive_upper,multiplicative_terms,multiplicative_terms_lower,multiplicative_terms_upper,weekly,weekly_lower,weekly_upper,yhat,error
0,2016-01-05,221.7152103134374,221.7152103134374,221.7152103134374,-66.01999129349947,443.424668253229,-19.914280260577033,-19.914280260577033,-19.914280260577033,-34.92280556271873,-34.92280556271873,-34.92280556271873,-19.914280260577033,-19.914280260577033,-19.914280260577033,0.0,0.0,0.0,-15.00852530214169,-15.00852530214169,-15.00852530214169,186.79240475071867,-452.2075952492813
1,2016-01-17,217.12835397889327,217.12835397889327,217.12835397889327,-15.822970938366712,542.4290698649029,19.459962079727372,19.459962079727372,19.459962079727372,32.05299668825622,32.05299668825622,32.05299668825622,19.459962079727372,19.459962079727372,19.459962079727372,0.0,0.0,0.0,12.593034608528844,12.593034608528844,12.593034608528844,249.1813506671495,-464.8186493328505
2,2016-01-24,214.45268778374253,214.45268778374253,214.45268778374253,24.043786410668243,587.8072512058918,74.58390135615355,74.58390135615355,74.58390135615355,87.17693596429719,87.17693596429719,87.17693596429719,74.58390135615355,74.58390135615355,74.58390135615355,0.0,0.0,0.0,12.593034608143636,12.593034608143636,12.593034608143636,301.6296237480397,301.6296237480397
3,2016-01-31,211.7770215885918,211.77702158859177,211.77702158859177,102.56605693415179,646.4575279046554,148.0824870580551,148.0824870580551,148.0824870580551,160.67552166680983,160.67552166680983,160.67552166680983,148.0824870580551,148.0824870580551,148.0824870580551,0.0,0.0,0.0,12.593034608754722,12.593034608754722,12.593034608754722,372.4525432554016,-1443.5474567445983
4,2016-02-10,207.95464111906944,207.95464111906944,207.95464111906944,-166.50149580242046,371.85596151658234,45.70945697326364,45.70945697326364,45.70945697326364,-117.21035123927857,-117.21035123927857,-117.21035123927857,45.70945697326364,45.70945697326364,45.70945697326364,0.0,0.0,0.0,-162.91980821254222,-162.91980821254222,-162.91980821254222,90.74428987979087,-1028.2557101202092
5,2016-02-14,206.42568893126048,206.42568893126048,206.42568893126048,31.246716122847555,593.1552568208904,95.58349727098256,95.58349727098256,95.58349727098256,108.17653187896686,108.17653187896686,108.17653187896686,95.58349727098256,95.58349727098256,95.58349727098256,0.0,0.0,0.0,12.593034607984286,12.593034607984286,12.593034607984286,314.6022208102273,-568.3977791897727
6,2016-02-21,203.75002260259484,203.75002260259484,203.75002260259484,35.18752110719251,571.0897870071416,82.45874982421442,82.45874982421442,82.45874982421442,95.0517844328098,95.0517844328098,95.0517844328098,82.45874982421442,82.45874982421442,82.45874982421442,0.0,0.0,0.0,12.593034608595378,12.593034608595378,12.593034608595378,298.80180703540464,-288.19819296459536
7,2016-02-28,201.0743562739292,201.0743562739292,201.0743562739292,-52.97535028527978,499.3263844221946,11.585113611666493,11.585113611666493,11.585113611666493,24.17814821987665,24.17814821987665,24.17814821987665,11.585113611666493,11.585113611666493,11.585113611666493,0.0,0.0,0.0,12.593034608210157,12.593034608210157,12.593034608210157,225.25250449380584,-317.7474955061941
8,2016-03-01,200.3098802097632,200.3098802097632,200.3098802097632,109.4111134737478,662.1257002376893,195.33157786642042,195.33157786642042,195.33157786642042,180.32305256420454,180.32305256420454,180.32305256420454,195.33157786642042,195.33157786642042,195.33157786642042,0.0,0.0,0.0,-15.008525302215851,-15.008525302215851,-15.008525302215851,380.63293277396775,112.63293277396775
9,2016-03-04,199.16316611351422,199.16316611351422,199.16316611351422,-122.4886743505484,418.2271714158804,-6.789532813808897,-6.789532813808897,-6.789532813808897,-37.21550345526645,-37.21550345526645,-37.21550345526645,-6.789532813808897,-6.789532813808897,-6.789532813808897,0.0,0.0,0.0,-30.42597064145755,-30.42597064145755,-30.42597064145755,161.94766265824776,-78.05233734175224
10,2016-03-07,198.0164520172652,198.0164520172652,198.0164520172652,-86.86992132249925,442.08325997442165,-61.91347209023507,-61.91347209023507,-61.91347209023507,-21.69742638681988,-21.69742638681988,-21.69742638681988,-61.91347209023507,-61.91347209023507,-61.91347209023507,0.0,0.0,0.0,40.21604570341519,40.21604570341519,40.21604570341519,176.31902563044534,-64.68097436955466
11,2016-03-13,195.72302393138315,195.72302393138315,195.72302393138315,-13.71371020119701,531.6712566522518,45.70945697326364,45.70945697326364,45.70945697326364,58.30249158171975,58.30249158171975,58.30249158171975,45.70945697326364,45.70945697326364,45.70945697326364,0.0,0.0,0.0,12.593034608456103,12.593034608456103,12.593034608456103,254.0255155131029,184.0255155131029
12,2016-03-20,193.04735783118736,193.04735783118736,193.04735783118736,-110.39497286714428,431.53692442806715,-27.789128728637913,-27.789128728637913,-27.789128728637913,-15.196094120098975,-15.196094120098975,-15.196094120098975,-27.789128728637913,-27.789128728637913,-27.789128728637913,0.0,0.0,0.0,12.59303460853894,12.59303460853894,12.59303460853894,177.8512637110884,69.8512637110884
13,2016-03-27,190.37169173099156,190.37169173099156,190.37169173099156,-68.305926545888,491.7309689384104,16.835012590373747,16.835012590373747,16.835012590373747,29.428047198527473,29.428047198527473,29.428047198527473,16.835012590373747,16.835012590373747,16.835012590373747,0.0,0.0,0.0,12.593034608153726,12.593034608153726,12.593034608153726,219.79973892951904,124.79973892951904
14,2016-04-09,185.4025974741742,185.4025974741742,185.4025974741742,-18.14994199322683,553.8674824170688,-17.289330771223405,-17.289330771223405,-17.289330771223405,94.76362991062679,94.76362991062679,94.76362991062679,-17.289330771223405,-17.289330771223405,-17.289330771223405,0.0,0.0,0.0,112.0529606818502,112.0529606818502,112.0529606818502,280.166227384801,221.166227384801
15,2016-04-12,184.25588341490862,184.25588341490862,184.25588341490862,-155.37055090021192,365.2132516458879,-67.16337106894233,-67.16337106894233,-67.16337106894233,-82.17189637100344,-82.17189637100344,-82.17189637100344,-67.16337106894233,-67.16337106894233,-67.16337106894233,0.0,0.0,0.0,-15.008525302061113,-15.008525302061113,-15.008525302061113,102.08398704390518,22.083987043905182
16,2016-04-17,182.34469331613275,182.34469331613275,182.34469331613275,-121.34335263954918,410.8993725889111,-43.53882566475968,-43.53882566475968,-43.53882566475968,-30.945791056257118,-30.945791056257118,-30.945791056257118,-43.53882566475968,-43.53882566475968,-43.53882566475968,0.0,0.0,0.0,12.593034608502563,12.593034608502563,12.593034608502563,151.39890225987563,69.39890225987563
17,2016-04-24,179.66902725041476,179.66902725041476,179.66902725041476,-26.410199091039516,527.1025484676886,66.70905288809267,66.70905288809267,66.70905288809267,79.30208749621002,79.30208749621002,79.30208749621002,66.70905288809267,66.70905288809267,66.70905288809267,0.0,0.0,0.0,12.593034608117353,12.593034608117353,12.593034608117353,258.9711147466248,243.97111474662478
18,2016-05-06,175.08217113775535,175.08217113775535,175.08217113775535,-169.25307059322256,351.950883054255,-51.41367413282057,-51.41367413282057,-51.41367413282057,-81.83964477417796,-81.83964477417796,-81.83964477417796,-51.41367413282057,-51.41367413282057,-51.41367413282057,0.0,0.0,0.0,-30.42597064135739,-30.42597064135739,-30.42597064135739,93.2425263635774,-108.7574736364226
19,2016-05-15,171.64202905326079,171.64202905326079,171.64202905326079,-129.1247381803122,434.6036630107053,-27.789128728637913,-27.789128728637913,-27.789128728637913,-15.196094120171711,-15.196094120171711,-15.196094120171711,-27.789128728637913,-27.789128728637913,-27.789128728637913,0.0,0.0,0.0,12.593034608466203,12.593034608466203,12.593034608466203,156.44593493308906,-97.55406506691094
20,2016-05-22,168.9663629875428,168.9663629875428,168.9663629875428,-147.53102020629763,391.7560599335716,-67.16337106894233,-67.16337106894233,-67.16337106894233,-54.57033646035314,-54.57033646035314,-54.57033646035314,-67.16337106894233,-67.16337106894233,-67.16337106894233,0.0,0.0,0.0,12.593034608589182,12.593034608589182,12.593034608589182,114.39602652718966,185.39602652718966
21,2016-05-29,166.29069696022796,166.29069696022793,166.29069696022793,-160.429830903955,387.0830114035193,-46.1637751541133,-46.1637751541133,-46.1637751541133,-33.57074054542123,-33.57074054542123,-33.57074054542123,-46.1637751541133,-46.1637751541133,-46.1637751541133,0.0,0.0,0.0,12.593034608692074,12.593034608692074,12.593034608692074,132.71995641480675,61.719956414806745
22,2016-06-03,164.37950694071736,164.37950694071736,164.37950694071736,-129.61479759224673,391.5544976511065,-4.16458332445527,-4.16458332445527,-4.16458332445527,-34.5905539659382,-34.5905539659382,-34.5905539659382,-4.16458332445527,-4.16458332445527,-4.16458332445527,0.0,0.0,0.0,-30.42597064148293,-30.42597064148293,-30.42597064148293,129.78895297477916,86.78895297477916
23,2016-06-11,161.3216029095004,161.32160290950037,161.32160290950037,-43.10379260848921,481.32091596213417,-67.16337106894233,-67.16337106894233,-67.16337106894233,44.88958961291008,44.88958961291008,44.88958961291008,-67.16337106894233,-67.16337106894233,-67.16337106894233,0.0,0.0,0.0,112.05296068185241,112.05296068185241,112.05296068185241,206.21119252241047,162.21119252241047
24,2016-06-19,158.26369902882567,158.26369902882567,158.26369902882567,-140.41444798679373,388.00744067695206,-54.03862362217418,-54.03862362217418,-54.03862362217418,-41.445589013641445,-41.445589013641445,-41.445589013641445,-54.03862362217418,-54.03862362217418,-54.03862362217418,0.0,0.0,0.0,12.593034608532733,12.593034608532733,12.593034608532733,116.81811001518423,83.81811001518423
25,2016-06-26,155.58803313323529,155.58803313323529,155.58803313323529,-7.203040178741756,510.3794386134989,82.45874982421442,82.45874982421442,82.45874982421442,95.05178443236196,95.05178443236196,95.05178443236196,82.45874982421442,82.45874982421442,82.45874982421442,0.0,0.0,0.0,12.593034608147523,12.593034608147523,12.593034608147523,250.63981756559724,233.63981756559724
26,2016-07-02,153.29460522272927,153.29460522272927,153.29460522272927,94.19945438387221,643.1794272359734,98.20844676033619,98.20844676033619,98.20844676033619,210.26140744229534,210.26140744229534,210.26140744229534,98.20844676033619,98.20844676033619,98.20844676033619,0.0,0.0,0.0,112.05296068195912,112.05296068195912,112.05296068195912,363.5560126650246,330.5560126650246
27,2016-07-08,151.00117733909755,151.00117733909755,151.00117733909755,-111.42447453729247,411.2521892982214,29.95976003714188,29.95976003714188,29.95976003714188,-0.46621060426471533,-0.46621060426471533,-0.46621060426471533,29.95976003714188,29.95976003714188,29.95976003714188,0.0,0.0,0.0,-30.425970641406597,-30.425970641406597,-30.425970641406597,150.53496673483284,104.53496673483284
28,2016-07-17,147.56103551364998,147.56103551364998,147.56103551364998,-167.04403005362187,376.6108639476776,-67.16337106894233,-67.16337106894233,-67.16337106894233,-54.57033646046603,-54.57033646046603,-54.57033646046603,-67.16337106894233,-67.16337106894233,-67.16337106894233,0.0,0.0,0.0,12.593034608476298,12.593034608476298,12.593034608476298,92.99069905318396,48.99069905318396
29,2016-07-24,144.88536964941295,144.88536964941295,144.88536964941295,-134.92538582872962,422.70788230127846,-14.66438128186978,-14.66438128186978,-14.66438128186978,-2.0713466737787094,-2.0713466737787094,-2.0713466737787094,-14.66438128186978,-14.66438128186978,-14.66438128186978,0.0,0.0,0.0,12.59303460809107,12.59303460809107,12.59303460809107,142.81402297563423,119.81402297563423
30,2016-07-31,142.20970378517595,142.20970378517595,142.20970378517595,-148.6552008282243,380.91783150640197,-48.788724643466935,-48.788724643466935,-48.788724643466935,-36.195690034744686,-36.195690034744686,-36.195690034744686,-48.788724643466935,-48.788724643466935,-48.788724643466935,0.0,0.0,0.0,12.593034608722244,12.593034608722244,12.593034608722244,106.01401375043126,80.01401375043126
31,2016-08-05,140.29851461385658,140.29851461385658,140.29851461385658,-219.22881072958322,337.07528054365906,-51.41367413282057,-51.41367413282057,-51.41367413282057,-81.83964477420332,-81.83964477420332,-81.83964477420332,-51.41367413282057,-51.41367413282057,-51.41367413282057,0.0,0.0,0.0,-30.42597064138275,-30.42597064138275,-30.42597064138275,58.45886983965326,37.45886983965326
32,2016-08-14,136.85837410548172,136.85837410548172,136.85837410548172,-83.09005826204523,472.8119570450254,35.20965901584914,35.20965901584914,35.20965901584914,47.80269362428906,47.80269362428906,47.80269362428906,35.20965901584914,35.20965901584914,35.20965901584914,0.0,0.0,0.0,12.59303460843992,12.59303460843992,12.59303460843992,184.66106772977076,174.66106772977076
33,2016-08-21,134.1827092656346,134.1827092656346,134.1827092656346,-189.72285270008385,353.4430815199745,-67.16337106894233,-67.16337106894233,-67.16337106894233,-54.57033646037942,-54.57033646037942,-54.57033646037942,-67.16337106894233,-67.16337106894233,-67.16337106894233,0.0,0.0,0.0,12.593034608562908,12.593034608562908,12.593034608562908,79.61237280525518,55.61237280525518
34,2016-08-28,131.50918982547077,131.50918982547077,131.50918982547077,-74.28574514487211,444.9170802091219,37.834608505202766,37.834608505202766,37.834608505202766,50.42764311386858,50.42764311386858,50.42764311386858,37.834608505202766,37.834608505202766,37.834608505202766,0.0,0.0,0.0,12.593034608665812,12.593034608665812,12.593034608665812,181.93683293933935,159.93683293933935
35,2016-09-10,126.544082293738,126.544082293738,126.544082293738,-94.64385248654513,448.88743149321147,-67.16337106894233,-67.16337106894233,-67.16337106894233,44.889589612931324,44.889589612931324,44.889589612931324,-67.16337106894233,-67.16337106894233,-67.16337106894233,0.0,0.0,0.0,112.05296068187366,112.05296068187366,112.05296068187366,171.43367190666933,56.43367190666933
36,2016-09-18,123.48863150497937,123.48863150497937,123.48863150497937,-121.00143980329707,430.4957094461131,24.70986105843463,24.70986105843463,24.70986105843463,37.30289566696117,37.30289566696117,37.30289566696117,24.70986105843463,24.70986105843463,24.70986105843463,0.0,0.0,0.0,12.593034608526539,12.593034608526539,12.593034608526539,160.79152717194054,86.79152717194054
37,2016-09-25,120.81511276368354,120.81511276368354,120.81511276368354,-211.23910774167683,312.1277850562582,-67.16337106894233,-67.16337106894233,-67.16337106894233,-54.570336460312895,-54.570336460312895,-54.570336460312895,-67.16337106894233,-67.16337106894233,-67.16337106894233,0.0,0.0,0.0,12.593034608629434,12.593034608629434,12.593034608629434,66.24477630337066,60.24477630337066
38,2016-10-01,118.52352527114425,118.52352527114425,118.52352527114425,94.8739245743409,640.1467838156369,148.0824870580551,148.0824870580551,148.0824870580551,260.13544774003543,260.13544774003543,260.13544774003543,148.0824870580551,148.0824870580551,148.0824870580551,0.0,0.0,0.0,112.05296068198037,112.05296068198037,112.05296068198037,378.6589730111797,372.6589730111797
39,2016-10-04,117.37773152487462,117.37773152487462,117.37773152487462,-91.78952478019045,422.58465445927567,58.83420442003178,58.83420442003178,58.83420442003178,43.82567911727113,43.82567911727113,43.82567911727113,58.83420442003178,58.83420442003178,58.83420442003178,0.0,0.0,0.0,-15.00852530276065,-15.00852530276065,-15.00852530276065,161.20341064214574,164.20341064214574
40,2016-10-07,116.23193777662402,116.23193777662402,116.23193777662402,-193.12801469176532,336.9205617296588,-27.789128728637913,-27.789128728637913,-27.789128728637913,-58.21509937006989,-58.21509937006989,-58.21509937006989,-27.789128728637913,-27.789128728637913,-27.789128728637913,0.0,0.0,0.0,-30.425970641431977,-30.425970641431977,-30.425970641431977,58.01683840655413,49.01683840655413
41,2016-10-16,112.7945565318723,112.7945565318723,112.7945565318723,-216.70798906572392,328.06394514070723,-67.16337106894233,-67.16337106894233,-67.16337106894233,-54.5703364604923,-54.5703364604923,-54.5703364604923,-67.16337106894233,-67.16337106894233,-67.16337106894233,0.0,0.0,0.0,12.593034608450022,12.593034608450022,12.593034608450022,58.22422007138,55.22422007138
42,2016-10-23,110.12103778595429,110.12103778595429,110.12103778595429,-151.568786167964,406.3133662968779,16.835012590373747,16.835012590373747,16.835012590373747,29.428047198438552,29.428047198438552,29.428047198438552,16.835012590373747,16.835012590373747,16.835012590373747,0.0,0.0,0.0,12.593034608064805,12.593034608064805,12.593034608064805,139.54908498439283,109.54908498439283
43,2016-10-30,107.44751904003627,107.44751904003627,107.44751904003627,-226.1604020077627,338.15618995215505,-67.16337106894233,-67.16337106894233,-67.16337106894233,-54.57033646024635,-54.57033646024635,-54.57033646024635,-67.16337106894233,-67.16337106894233,-67.16337106894233,0.0,0.0,0.0,12.593034608695975,12.593034608695975,12.593034608695975,52.87718257978992,42.87718257978992
44,2016-11-09,103.6284906705955,103.6284906705955,103.6284906705955,-278.81647434068486,262.6917549520694,53.58430544132453,53.58430544132453,53.58430544132453,-109.33550277080009,-109.33550277080009,-109.33550277080009,53.58430544132453,53.58430544132453,53.58430544132453,0.0,0.0,0.0,-162.91980821212462,-162.91980821212462,-162.91980821212462,-5.707012100204594,-11.707012100204594
45,2016-11-12,102.48278215976329,102.48278215976329,102.48278215976329,14.09476757812513,557.8583203399206,69.3340023774463,69.3340023774463,69.3340023774463,181.38696305932217,181.38696305932217,181.38696305932217,69.3340023774463,69.3340023774463,69.3340023774463,0.0,0.0,0.0,112.05296068187586,112.05296068187586,112.05296068187586,283.8697452190855,272.8697452190855
46,2016-11-13,102.10087932281922,102.10087932281922,102.10087932281922,-207.81157007768934,320.52602936032594,-67.16337106894233,-67.16337106894233,-67.16337106894233,-54.57033646052867,-54.57033646052867,-54.57033646052867,-67.16337106894233,-67.16337106894233,-67.16337106894233,0.0,0.0,0.0,12.593034608413658,12.593034608413658,12.593034608413658,47.53054286229055,50.53054286229055
47,2016-11-20,99.43762239563026,99.43762239563026,99.43762239563026,-243.6111941860179,298.7915965661409,-67.16337106894233,-67.16337106894233,-67.16337106894233,-54.570336460913886,-54.570336460913886,-54.570336460913886,-67.16337106894233,-67.16337106894233,-67.16337106894233,0.0,0.0,0.0,12.593034608028441,12.593034608028441,12.593034608028441,44.86728593471637,39.86728593471637
48,2016-11-27,96.77436546844129,96.77436546844129,96.77436546844129,37.71624298028608,575.96611860721,195.33157786642042,195.33157786642042,195.33157786642042,207.92461247508,207.92461247508,207.92461247508,195.33157786642042,195.33157786642042,195.33157786642042,0.0,0.0,0.0,12.593034608659607,12.593034608659607,12.593034608659607,304.6989779435213,298.6989779435213
49,2016-12-06,93.35017799062695,93.35017799062695,93.35017799062695,-165.0718247243974,357.6093451485939,-1.5396338351016423,-1.5396338351016423,-1.5396338351016423,-16.54815913716609,-16.54815913716609,-16.54815913716609,-1.5396338351016423,-1.5396338351016423,-1.5396338351016423,0.0,0.0,0.0,-15.008525302064447,-15.008525302064447,-15.008525302064447,76.80201885346085,44.80201885346085
50,2016-12-18,88.78464188972062,88.78464188972062,88.78464188972062,21.90765176935323,578.8746870613802,195.33157786642042,195.33157786642042,195.33157786642042,207.92461247492068,207.92461247492068,207.92461247492068,195.33157786642042,195.33157786642042,195.33157786642042,0.0,0.0,0.0,12.593034608500265,12.593034608500265,12.593034608500265,296.7092543646413,295.7092543646413
51,2016-12-25,86.12141249752528,86.12141249752528,86.12141249752528,-249.13659246971042,282.9282903500571,-67.16337106894233,-67.16337106894233,-67.16337106894233,-54.570336460339156,-54.570336460339156,-54.570336460339156,-67.16337106894233,-67.16337106894233,-67.16337106894233,0.0,0.0,0.0,12.593034608603169,12.593034608603169,12.593034608603169,31.551076037186128,27.551076037186128
52,2017-01-01,83.45818310532992,83.45818310532992,83.45818310532992,-163.23832124622123,362.9259707803743,3.7102651436056124,3.7102651436056124,3.7102651436056124,16.303299751823552,16.303299751823552,16.303299751823552,3.7102651436056124,3.7102651436056124,3.7102651436056124,0.0,0.0,0.0,12.59303460821794,12.59303460821794,12.59303460821794,99.76148285715348,99.76148285715348
53,2017-01-10,80.03403103395502,80.03403103395502,80.03403103395502,-235.2340251313779,293.31458367291276,-35.663977196698795,-35.663977196698795,-35.663977196698795,-50.67250249917586,-50.67250249917586,-50.67250249917586,-35.663977196698795,-35.663977196698795,-35.663977196698795,0.0,0.0,0.0,-15.00852530247707,-15.00852530247707,-15.00852530247707,29.361528534779154,28.361528534779154
54,2017-01-15,78.13172432763565,78.13172432763565,78.13172432763565,-205.8293811253973,338.45186891602634,-43.53882566475968,-43.53882566475968,-43.53882566475968,-30.94579105629579,-30.94579105629579,-30.94579105629579,-43.53882566475968,-43.53882566475968,-43.53882566475968,0.0,0.0,0.0,12.593034608463887,12.593034608463887,12.593034608463887,47.18593327133986,46.18593327133986
55,2017-01-22,75.46849493878848,75.46849493878848,75.46849493878848,-239.74349186496642,290.5345986652737,-67.16337106894233,-67.16337106894233,-67.16337106894233,-54.5703364603956,-54.5703364603956,-54.5703364603956,-67.16337106894233,-67.16337106894233,-67.16337106894233,0.0,0.0,0.0,12.593034608546725,12.593034608546725,12.593034608546725,20.89815847839288,14.89815847839288
56,2017-01-29,72.80526554994132,72.80526554994132,72.80526554994132,-239.64203418748932,289.0979343648623,-67.16337106894233,-67.16337106894233,-67.16337106894233,-54.570336460780815,-54.570336460780815,-54.570336460780815,-67.16337106894233,-67.16337106894233,-67.16337106894233,0.0,0.0,0.0,12.59303460816151,12.59303460816151,12.59303460816151,18.23492908916051,10.23492908916051
57,2017-02-04,70.52425863451249,70.52425863451249,70.52425863451249,-142.05295722896088,400.4019802933321,-67.16337106894233,-67.16337106894233,-67.16337106894233,44.88958961299056,44.88958961299056,44.88958961299056,-67.16337106894233,-67.16337106894233,-67.16337106894233,0.0,0.0,0.0,112.05296068193289,112.05296068193289,112.05296068193289,115.41384824750305,104.41384824750305
58,2017-02-07,69.38375517679809,69.38375517679809,69.38375517679809,-289.9725276155034,243.72981023123555,-67.16337106894233,-67.16337106894233,-67.16337106894233,-82.17189637103579,-82.17189637103579,-82.17189637103579,-67.16337106894233,-67.16337106894233,-67.16337106894233,0.0,0.0,0.0,-15.00852530209346,-15.00852530209346,-15.00852530209346,-12.788141194237696,-24.788141194237696
59,2017-02-19,64.82174134594044,64.82174134594044,64.82174134594044,-271.206331009193,265.3505731500458,-67.16337106894233,-67.16337106894233,-67.16337106894233,-54.57033646094016,-54.57033646094016,-54.57033646094016,-67.16337106894233,-67.16337106894233,-67.16337106894233,0.0,0.0,0.0,12.593034608002164,12.593034608002164,12.593034608002164,10.251404885000277,-5.748595114999723
60,2017-02-26,62.16056685305749,62.16056685305749,62.16056685305749,-159.87007072959796,383.8459601852278,32.58470952649551,32.58470952649551,32.58470952649551,45.17774413512884,45.17774413512884,45.17774413512884,32.58470952649551,32.58470952649551,32.58470952649551,0.0,0.0,0.0,12.593034608633324,12.593034608633324,12.593034608633324,107.33831098818632,90.33831098818632
61,2017-03-09,57.9787212213843,57.9787212213843,57.9787212213843,-243.36398727299448,293.2139317029356,-67.16337106894233,-67.16337106894233,-67.16337106894233,-23.671107906840138,-23.671107906840138,-23.671107906840138,-67.16337106894233,-67.16337106894233,-67.16337106894233,0.0,0.0,0.0,43.49226316210219,43.49226316210219,43.49226316210219,34.307613314544156,14.307613314544156
62,2017-03-12,56.838217867291625,56.838217867291625,56.838217867291625,-260.9169331197106,264.25776119487614,-67.16337106894233,-67.16337106894233,-67.16337106894233,-54.57033646059132,-54.57033646059132,-54.57033646059132,-67.16337106894233,-67.16337106894233,-67.16337106894233,0.0,0.0,0.0,12.593034608351008,12.593034608351008,12.593034608351008,2.2678814067003046,-17.732118593299695
63,2017-03-19,54.17704392442889,54.17704392442889,54.17704392442889,-126.09734837459726,416.1790482381067,79.8338003348608,79.8338003348608,79.8338003348608,92.42683494333478,92.42683494333478,92.42683494333478,79.8338003348608,79.8338003348608,79.8338003348608,0.0,0.0,0.0,12.59303460847398,12.59303460847398,12.59303460847398,146.60387886776368,122.60387886776368
64,2017-03-26,51.51586998156611,51.51586998156611,51.51586998156611,-7.130940461841029,530.0344688060638,195.33157786642042,195.33157786642042,195.33157786642042,207.92461247501734,207.92461247501734,207.92461247501734,195.33157786642042,195.33157786642042,195.33157786642042,0.0,0.0,0.0,12.593034608596948,12.593034608596948,12.593034608596948,259.4404824565835,235.44048245658348
65,2017-04-06,47.334025214210364,47.334025214210364,47.334025214210364,-239.00763277042324,293.2333748400161,-67.16337106894233,-67.16337106894233,-67.16337106894233,-23.671107906757246,-23.671107906757246,-23.671107906757246,-67.16337106894233,-67.16337106894233,-67.16337106894233,0.0,0.0,0.0,43.49226316218508,43.49226316218508,43.49226316218508,23.662917307453117,-0.3370826925468826
66,2017-04-16,43.532348152977825,43.532348152977825,43.532348152977825,-178.93269855736352,378.3244196420608,32.58470952649551,32.58470952649551,32.58470952649551,45.177744134933114,45.177744134933114,45.177744134933114,32.58470952649551,32.58470952649551,32.58470952649551,0.0,0.0,0.0,12.593034608437602,12.593034608437602,12.593034608437602,88.71009228791094,61.71009228791094
67,2017-04-23,40.871174331979105,40.871174331979105,40.871174331979105,-232.50584586950052,312.8229689598543,-12.039431792516151,-12.039431792516151,-12.039431792516151,0.5536028160243633,0.5536028160243633,0.5536028160243633,-12.039431792516151,-12.039431792516151,-12.039431792516151,0.0,0.0,0.0,12.593034608540513,12.593034608540513,12.593034608540513,41.42477714800347,14.424777148003471
68,2017-04-30,38.21000051098035,38.21000051098035,38.21000051098035,-281.6310777586699,250.3776906747134,-67.16337106894233,-67.16337106894233,-67.16337106894233,-54.570336460787026,-54.570336460787026,-54.570336460787026,-67.16337106894233,-67.16337106894233,-67.16337106894233,0.0,0.0,0.0,12.593034608155296,12.593034608155296,12.593034608155296,-16.360335949806675,-43.360335949806675
69,2017-05-02,37.449665133552145,37.449665133552145,37.449665133552145,-318.60979157853075,211.75974363195368,-67.16337106894233,-67.16337106894233,-67.16337106894233,-82.17189637177073,-82.17189637177073,-82.17189637177073,-67.16337106894233,-67.16337106894233,-67.16337106894233,0.0,0.0,0.0,-15.0085253028284,-15.0085253028284,-15.0085253028284,-44.72223123821858,-71.72223123821858
70,2017-05-03,37.06949745802516,37.06949745802516,37.06949745802516,-275.1606134426463,278.4961843448584,129.70784063257972,129.70784063257972,129.70784063257972,-33.21196757977765,-33.21196757977765,-33.21196757977765,129.70784063257972,129.70784063257972,129.70784063257972,0.0,0.0,0.0,-162.91980821235737,-162.91980821235737,-162.91980821235737,3.8575298782475116,-23.14247012175249
71,2017-05-11,34.02815605380922,34.02815605380922,34.02815605380922,18.428338690191502,547.4260574328986,195.33157786642042,195.33157786642042,195.33157786642042,238.8238410283749,238.8238410283749,238.8238410283749,195.33157786642042,195.33157786642042,195.33157786642042,0.0,0.0,0.0,43.4922631619545,43.4922631619545,43.4922631619545,272.8519970821841,244.85199708218408
72,2017-05-14,32.88765302722827,32.88765302722827,32.88765302722827,-285.36492348631384,236.24941260500478,-67.16337106894233,-67.16337106894233,-67.16337106894233,-54.57033646058121,-54.57033646058121,-54.57033646058121,-67.16337106894233,-67.16337106894233,-67.16337106894233,0.0,0.0,0.0,12.593034608361116,12.593034608361116,12.593034608361116,-21.682683433352942,-55.68268343335294
73,2017-05-21,30.226479363927265,30.22647936392726,30.22647936392726,-310.7054782532123,242.93376549037555,-67.16337106894233,-67.16337106894233,-67.16337106894233,-54.57033646045826,-54.57033646045826,-54.57033646045826,-67.16337106894233,-67.16337106894233,-67.16337106894233,0.0,0.0,0.0,12.593034608484075,12.593034608484075,12.593034608484075,-24.343857096530993,-53.343857096530996
74,2017-05-28,27.565305700626237,27.565305700626237,27.565305700626237,-298.38486786853974,247.49733105232525,-67.16337106894233,-67.16337106894233,-67.16337106894233,-54.570336460335284,-54.570336460335284,-54.570336460335284,-67.16337106894233,-67.16337106894233,-67.16337106894233,0.0,0.0,0.0,12.593034608607041,12.593034608607041,12.593034608607041,-27.005030759709047,-57.005030759709044
75,2017-06-08,23.383461372581777,23.383461372581777,23.383461372581777,-261.71152081474855,276.47046513025475,-67.16337106894233,-67.16337106894233,-67.16337106894233,-23.671107906904957,-23.671107906904957,-23.671107906904957,-67.16337106894233,-67.16337106894233,-67.16337106894233,0.0,0.0,0.0,43.492263162037375,43.492263162037375,43.492263162037375,-0.28764653432318,-34.28764653432318
76,2017-06-18,19.581784649530253,19.581784649530253,19.581784649530253,-305.1301233891472,227.62465911871695,-67.16337106894233,-67.16337106894233,-67.16337106894233,-54.57033646100281,-54.57033646100281,-54.57033646100281,-67.16337106894233,-67.16337106894233,-67.16337106894233,0.0,0.0,0.0,12.59303460793952,12.59303460793952,12.59303460793952,-34.98855181147256,-73.98855181147256
77,2017-06-25,16.920610943394188,16.920610943394188,16.920610943394188,-166.1148380101817,388.5980870902949,79.8338003348608,79.8338003348608,79.8338003348608,92.42683494343149,92.42683494343149,92.42683494343149,79.8338003348608,79.8338003348608,79.8338003348608,0.0,0.0,0.0,12.593034608570681,12.593034608570681,12.593034608570681,109.34744588682568,83.34744588682568
78,2017-07-05,13.11893422034264,13.11893422034264,13.11893422034264,-228.13016961784797,303.36375383305005,195.33157786642042,195.33157786642042,195.33157786642042,32.41176965439903,32.41176965439903,32.41176965439903,195.33157786642042,195.33157786642042,195.33157786642042,0.0,0.0,0.0,-162.91980821202137,-162.91980821202137,-162.91980821202137,45.53070387474167,17.53070387474167
79,2017-07-16,8.937089824985966,8.937089824985968,8.937089824985968,-328.8816498458926,230.4731792248275,-67.16337106894233,-67.16337106894233,-67.16337106894233,-54.57033646053098,-54.57033646053098,-54.57033646053098,-67.16337106894233,-67.16337106894233,-67.16337106894233,0.0,0.0,0.0,12.593034608411346,12.593034608411346,12.593034608411346,-45.633246635545014,-73.63324663554502
80,2017-07-23,6.275916296524643,6.275916296524643,6.275916296524643,-213.25896626164172,311.9430943286614,14.21006310102012,14.21006310102012,14.21006310102012,26.80309770955444,26.80309770955444,26.80309770955444,14.21006310102012,14.21006310102012,14.21006310102012,0.0,0.0,0.0,12.593034608534317,12.593034608534317,12.593034608534317,33.079014006079085,2.0790140060790847
81,2017-07-30,3.614742768063346,3.614742768063346,3.614742768063346,-237.15067592296805,304.233181918626,16.835012590373747,16.835012590373747,16.835012590373747,29.42804719850276,29.42804719850276,29.42804719850276,16.835012590373747,16.835012590373747,16.835012590373747,0.0,0.0,0.0,12.593034608129017,12.593034608129017,12.593034608129017,33.042789966566104,2.0427899665661045
82,2017-08-01,2.8544074742172536,2.8544074742172536,2.8544074742172536,-340.08647704368957,213.45972115630724,-64.5384215795887,-64.5384215795887,-64.5384215795887,-79.54694688185947,-79.54694688185947,-79.54694688185947,-64.5384215795887,-64.5384215795887,-64.5384215795887,0.0,0.0,0.0,-15.008525302270769,-15.008525302270769,-15.008525302270769,-76.69253940764222,-107.69253940764222
83,2017-08-10,-0.5671011904978576,-0.5671011904978576,-0.5671011904978576,-284.4804181075183,243.20323346100426,-67.16337106894233,-67.16337106894233,-67.16337106894233,-23.671107907195644,-23.671107907195644,-23.671107907195644,-67.16337106894233,-67.16337106894233,-67.16337106894233,0.0,0.0,0.0,43.492263161746685,43.492263161746685,43.492263161746685,-24.238209097693503,-57.2382090976935
84,2017-08-13,-1.7076040787362197,-1.7076040787362197,-1.7076040787362197,-307.8557438533508,219.40904673105055,-67.16337106894233,-67.16337106894233,-67.16337106894233,-54.57033646056736,-54.57033646056736,-54.57033646056736,-67.16337106894233,-67.16337106894233,-67.16337106894233,0.0,0.0,0.0,12.593034608374966,12.593034608374966,12.593034608374966,-56.27794053930358,-89.27794053930359
85,2017-08-20,-4.368777484625773,-4.368777484625773,-4.368777484625773,-85.0880034707855,485.41491260526846,192.7066283770668,192.7066283770668,192.7066283770668,205.2996629855246,205.2996629855246,205.2996629855246,192.7066283770668,192.7066283770668,192.7066283770668,0.0,0.0,0.0,12.593034608457799,12.593034608457799,12.593034608457799,200.93088550089882,166.93088550089882
86,2017-08-27,-7.029950890515276,-7.029950890515276,-7.029950890515276,-143.5605471831347,379.8950181058201,113.95814369645794,113.95814369645794,113.95814369645794,126.55117830453052,126.55117830453052,126.55117830453052,113.95814369645794,113.95814369645794,113.95814369645794,0.0,0.0,0.0,12.593034608072582,12.593034608072582,12.593034608072582,119.52122741401524,88.52122741401524
87,2017-09-04,-10.071291925817608,-10.071291925817608,-10.071291925817608,-307.77763942562024,237.61251317227456,-67.16337106894233,-67.16337106894233,-67.16337106894233,-26.947325364847604,-26.947325364847604,-26.947325364847604,-67.16337106894233,-67.16337106894233,-67.16337106894233,0.0,0.0,0.0,40.216045704094725,40.216045704094725,40.216045704094725,-37.01861729066521,-88.01861729066522
88,2017-09-07,-11.211794814055946,-11.211794814055946,-11.211794814055946,-280.94198457985186,228.60317682075902,-67.16337106894233,-67.16337106894233,-67.16337106894233,-23.67110790696977,-23.67110790696977,-23.67110790696977,-67.16337106894233,-67.16337106894233,-67.16337106894233,0.0,0.0,0.0,43.49226316197256,43.49226316197256,43.49226316197256,-34.882902721025715,-69.88290272102572
89,2017-09-17,-15.013471108183834,-15.013471108183836,-15.013471108183836,-337.5303397180784,203.0416961136265,-67.16337106894233,-67.16337106894233,-67.16337106894233,-54.57033646052089,-54.57033646052089,-54.57033646052089,-67.16337106894233,-67.16337106894233,-67.16337106894233,0.0,0.0,0.0,12.593034608421432,12.593034608421432,12.593034608421432,-69.58380756870473,-104.58380756870473
90,2017-09-24,-17.67464451407339,-17.67464451407339,-17.67464451407339,-83.06346077492617,464.0298776560725,195.33157786642042,195.33157786642042,195.33157786642042,207.92461247496482,207.92461247496482,207.92461247496482,195.33157786642042,195.33157786642042,195.33157786642042,0.0,0.0,0.0,12.593034608544405,12.593034608544405,12.593034608544405,190.24996796089144,155.24996796089144
91,2017-10-09,-23.377158955265223,-23.377158955265223,-23.377158955265223,-324.2961431053124,228.11891505351298,-67.16337106894233,-67.16337106894233,-67.16337106894233,-26.947325365480417,-26.947325365480417,-26.947325365480417,-67.16337106894233,-67.16337106894233,-67.16337106894233,0.0,0.0,0.0,40.216045703461916,40.216045703461916,40.216045703461916,-50.32448432074564,-85.32448432074564
92,2017-10-12,-24.51766184350361,-24.51766184350361,-24.51766184350361,-295.08274582901333,243.02220747886486,-56.66357311152781,-56.66357311152781,-56.66357311152781,-13.171309949363057,-13.171309949363057,-13.171309949363057,-56.66357311152781,-56.66357311152781,-56.66357311152781,0.0,0.0,0.0,43.492263162164754,43.492263162164754,43.492263162164754,-37.68897179286667,-72.68897179286667
93,2017-10-15,-25.658164731741948,-25.658164731741948,-25.658164731741948,-362.32770249020484,192.99382721179254,-67.16337106894233,-67.16337106894233,-67.16337106894233,-54.57033646004907,-54.57033646004907,-54.57033646004907,-67.16337106894233,-67.16337106894233,-67.16337106894233,0.0,0.0,0.0,12.593034608893255,12.593034608893255,12.593034608893255,-80.22850119179103,-115.22850119179103
94,2017-10-22,-28.3193381376315,-28.3193381376315,-28.3193381376315,-360.8631919510806,192.22435891908685,-67.16337106894233,-67.16337106894233,-67.16337106894233,-54.570336460434284,-54.570336460434284,-54.570336460434284,-67.16337106894233,-67.16337106894233,-67.16337106894233,0.0,0.0,0.0,12.59303460850804,12.59303460850804,12.59303460850804,-82.88967459806578,-117.88967459806578
95,2017-10-29,-30.980511543521004,-30.980511543521004,-30.980511543521004,-351.4606778156741,197.29339759974874,-67.16337106894233,-67.16337106894233,-67.16337106894233,-54.570336460839584,-54.570336460839584,-54.570336460839584,-67.16337106894233,-67.16337106894233,-67.16337106894233,0.0,0.0,0.0,12.593034608102737,12.593034608102737,12.593034608102737,-85.55084800436059,-120.55084800436059
96,2017-11-06,-34.021852578823335,-34.021852578823335,-34.021852578823335,-200.52468327945783,357.8450598599717,77.20885084550717,77.20885084550717,77.20885084550717,117.42489654907384,117.42489654907384,117.42489654907384,77.20885084550717,77.20885084550717,77.20885084550717,0.0,0.0,0.0,40.21604570356665,40.21604570356665,40.21604570356665,83.40304397025051,48.40304397025051
97,2017-11-19,-38.96403176118962,-38.96403176118962,-38.96403176118962,-362.3641653030886,176.32916732521252,-67.16337106894233,-67.16337106894233,-67.16337106894233,-54.570336460470664,-54.570336460470664,-54.570336460470664,-67.16337106894233,-67.16337106894233,-67.16337106894233,0.0,0.0,0.0,12.593034608471662,12.593034608471662,12.593034608471662,-93.53436822166029,-130.5343682216603
98,2017-11-26,-41.625205167079116,-41.625205167079116,-41.625205167079116,-303.27858274993076,246.759102032433,6.335214632959239,6.335214632959239,6.335214632959239,18.928249241025622,18.928249241025622,18.928249241025622,6.335214632959239,6.335214632959239,6.335214632959239,0.0,0.0,0.0,12.593034608066379,12.593034608066379,12.593034608066379,-22.696955926053494,-57.69695592605349
99,2017-12-02,-43.90621094355584,-43.90621094355584,-43.90621094355584,-282.179879586901,268.5101430659151,-67.16337106894233,-67.16337106894233,-67.16337106894233,44.88958961307329,44.88958961307329,44.88958961307329,-67.16337106894233,-67.16337106894233,-67.16337106894233,0.0,0.0,0.0,112.05296068201562,112.05296068201562,112.05296068201562,0.9833786695174496,-34.01662133048255
100,2017-12-03,-44.286378572968616,-44.286378572968616,-44.286378572968616,-381.2708148031055,179.10373662383714,-67.16337106894233,-67.16337106894233,-67.16337106894233,-54.57033646026485,-54.57033646026485,-54.57033646026485,-67.16337106894233,-67.16337106894233,-67.16337106894233,0.0,0.0,0.0,12.59303460867748,12.59303460867748,12.59303460867748,-98.85671503323346,-134.85671503323346
101,2017-12-11,-47.327719608270954,-47.327719608270954,-47.327719608270954,-325.6002400217425,229.99116919070042,-40.913876175406045,-40.913876175406045,-40.913876175406045,-0.6978304713285501,-0.6978304713285501,-0.6978304713285501,-40.913876175406045,-40.913876175406045,-40.913876175406045,0.0,0.0,0.0,40.2160457040775,40.2160457040775,40.2160457040775,-48.025550079599505,-88.0255500795995
102,2017-12-17,-49.60872538474767,-49.60872538474767,-49.60872538474767,-358.0417418801114,156.7945737571737,-67.16337106894233,-67.16337106894233,-67.16337106894233,-54.570336460547175,-54.570336460547175,-54.570336460547175,-67.16337106894233,-67.16337106894233,-67.16337106894233,0.0,0.0,0.0,12.593034608395156,12.593034608395156,12.593034608395156,-104.17906184529485,-148.17906184529485
103,2017-12-24,-52.26989879063723,-52.26989879063723,-52.26989879063723,-215.80342696649407,335.331322599987,103.45834573904345,103.45834573904345,103.45834573904345,116.05138034756158,116.05138034756158,116.05138034756158,103.45834573904345,103.45834573904345,103.45834573904345,0.0,0.0,0.0,12.593034608518135,12.593034608518135,12.593034608518135,63.78148155692435,16.781481556924348
